{
  "properties": {
    "connectionReferences": {
      "shared_commondataserviceforapps": {
        "api": {
          "name": "shared_commondataserviceforapps"
        },
        "connection": {
          "connectionReferenceLogicalName": "ya_sharedcommondataserviceforapps_b908e"
        },
        "runtimeSource": "embedded"
      },
      "shared_webcontents": {
        "api": {
          "name": "shared_webcontents"
        },
        "connection": {
          "connectionReferenceLogicalName": "ya_sharedwebcontents_2c51d"
        },
        "runtimeSource": "invoker"
      }
    },
    "definition": {
      "$schema": "https://schema.management.azure.com/providers/Microsoft.Logic/schemas/2016-06-01/workflowdefinition.json#",
      "contentVersion": "1.0.0.0",
      "parameters": {
        "$authentication": {
          "defaultValue": {},
          "type": "SecureObject"
        },
        "$connections": {
          "defaultValue": {},
          "type": "Object"
        }
      },
      "triggers": {
        "manual": {
          "type": "Request",
          "kind": "Button",
          "inputs": {
            "schema": {
              "type": "object",
              "properties": {
                "text": {
                  "title": "SourceSchemaName",
                  "type": "string",
                  "x-ms-dynamically-added": true,
                  "description": "複製元テーブルのスキーマ名を指定してください（例：ya_Customer）",
                  "x-ms-content-hint": "TEXT"
                },
                "text_1": {
                  "description": "複製先テーブルのスキーマ名を指定してください（例：ya_NewCustomer）",
                  "title": "DestinationSchemaName",
                  "type": "string",
                  "x-ms-content-hint": "TEXT",
                  "x-ms-dynamically-added": true
                },
                "text_3": {
                  "title": "SourceCollectionSchemaName",
                  "type": "string",
                  "x-ms-dynamically-added": true,
                  "description": "複製元テーブルのスキーマ名の複数形を指定してください（例：ya_Customers）（省略可）",
                  "x-ms-content-hint": "TEXT"
                },
                "text_4": {
                  "title": "DestinationCollectionSchemaName",
                  "type": "string",
                  "x-ms-dynamically-added": true,
                  "description": "複製先テーブルのスキーマ名の複数形を指定してください（例：ya_Customers）（省略可）",
                  "x-ms-content-hint": "TEXT"
                },
                "text_2": {
                  "description": "レコード作成日を上書きする日付を指定してください",
                  "title": "CreatedOn",
                  "type": "string",
                  "x-ms-content-hint": "TEXT",
                  "x-ms-dynamically-added": true
                }
              },
              "required": [
                "text",
                "text_1"
              ]
            }
          },
          "metadata": {
            "operationMetadataId": "31f5c8f4-0799-4ef3-9d6c-78d4d540eab0"
          }
        }
      },
      "actions": {
        "OrganizationURIを初期化する": {
          "type": "InitializeVariable",
          "inputs": {
            "variables": [
              {
                "name": "OrganizationURI",
                "type": "string",
                "value": "https://orgfa5b0cd9.crm7.dynamics.com"
              }
            ]
          },
          "runAfter": {
            "CreatedOnを初期化する": [
              "SUCCEEDED"
            ]
          },
          "metadata": {
            "operationMetadataId": "91014e03-f641-4405-85c2-baf48ad847db"
          }
        },
        "SchemaNamesを初期化する": {
          "type": "InitializeVariable",
          "inputs": {
            "variables": [
              {
                "name": "SchemaNames",
                "type": "object",
                "value": {
                  "Source": "@{triggerBody()['text']}",
                  "Dest": "@{triggerBody()['text_1']}",
                  "SourceCol": "@{if(empty(coalesce(triggerBody()?['text_3'], '')), concat(triggerBody()['text'], 's'), triggerBody()['text_3'])}",
                  "DestCol": "@{if(empty(coalesce(triggerBody()?['text_4'], '')), concat(triggerBody()['text_1'], 's'), triggerBody()['text_4'])}"
                }
              }
            ]
          },
          "runAfter": {},
          "metadata": {
            "operationMetadataId": "1eba8a37-2f36-47c3-a956-bdc9b53fcabb"
          }
        },
        "LogicalNamesを初期化する": {
          "type": "InitializeVariable",
          "inputs": {
            "variables": [
              {
                "name": "LogicalNames",
                "type": "object",
                "value": {
                  "Source": "@{toLower(variables('SchemaNames')?['Source'])}",
                  "Dest": "@{toLower(variables('SchemaNames')?['Dest'])}",
                  "SourceCol": "@{toLower(variables('SchemaNames')?['SourceCol'])}",
                  "DestCol": "@{toLower(variables('SchemaNames')?['DestCol'])}"
                }
              }
            ]
          },
          "runAfter": {
            "SchemaNamesを初期化する": [
              "Succeeded"
            ]
          },
          "metadata": {
            "operationMetadataId": "910aee01-4da1-4667-8ffa-df8b0eb9a9fc"
          }
        },
        "BatchIDを初期化する": {
          "type": "InitializeVariable",
          "inputs": {
            "variables": [
              {
                "name": "BatchID",
                "type": "string",
                "value": "@{guid()}"
              }
            ]
          },
          "runAfter": {
            "OrganizationURIを初期化する": [
              "Succeeded"
            ]
          },
          "metadata": {
            "operationMetadataId": "92173d44-8c5e-4675-bdb4-bd2004c80fe4"
          }
        },
        "ChangesetIDを初期化する": {
          "type": "InitializeVariable",
          "inputs": {
            "variables": [
              {
                "name": "ChangesetID",
                "type": "string",
                "value": "@{guid()}"
              }
            ]
          },
          "runAfter": {
            "BatchIDを初期化する": [
              "Succeeded"
            ]
          },
          "metadata": {
            "operationMetadataId": "34f9420a-eab8-46fb-8b28-adfcba57e3ca"
          }
        },
        "NewLineを初期化する": {
          "type": "InitializeVariable",
          "description": "uriComponentToString('%0A')",
          "inputs": {
            "variables": [
              {
                "name": "NewLine",
                "type": "string",
                "value": "@{uriComponentToString('%0A')}"
              }
            ]
          },
          "runAfter": {
            "ChangesetIDを初期化する": [
              "Succeeded"
            ]
          },
          "metadata": {
            "operationMetadataId": "1e599fc4-cfd8-48e8-9aa6-ef4db433e3ce"
          }
        },
        "複製元テーブルの行を一覧にする": {
          "type": "OpenApiConnection",
          "inputs": {
            "parameters": {
              "entityName": "@toLower(variables('SchemaNames')?['SourceCol'])",
              "$filter": "createdon ne null"
            },
            "host": {
              "apiId": "/providers/Microsoft.PowerApps/apis/shared_commondataserviceforapps",
              "operationId": "ListRecords",
              "connectionName": "shared_commondataserviceforapps"
            }
          },
          "runAfter": {
            "NewLineを初期化する": [
              "Succeeded"
            ]
          },
          "metadata": {
            "operationMetadataId": "420f6aa3-d089-4ba6-8f99-3a34f3404219"
          }
        },
        "リクエスト本文changesetを作成する": {
          "type": "Select",
          "description": "range(0, length(outputs('行を一覧にする')?['body/value']))",
          "inputs": {
            "from": "@range(0, length(outputs('複製元テーブルの行を一覧にする')?['body/value']))",
            "select": "@concat('--changeset_', variables('ChangesetID'), variables('NewLine'), 'Content-Type: application/http', variables('NewLine'), 'Content-Transfer-Encoding:binary', variables('NewLine'), 'Content-ID: ', add(item(), 1), variables('NewLine'), variables('NewLine'), 'POST ', variables('OrganizationURI'), concat('/api/data/v9.2/', toLower(variables('LogicalNames')?['DestCol']), ' HTTP/1.1'), variables('NewLine'), 'Content-Type: application/json;type=entry', variables('NewLine'), variables('NewLine'), string(body('SourceRecordsArray選択')?[item()]))"
          },
          "runAfter": {
            "SourceRecordsArray選択": [
              "Succeeded"
            ]
          },
          "metadata": {
            "operationMetadataId": "20407613-82d7-4091-a0ea-e329340424d8"
          }
        },
        "リクエスト本文batchを作成する": {
          "type": "Compose",
          "inputs": "--batch_@{variables('BatchID')}\nContent-Type: multipart/mixed;boundary=changeset_@{variables('ChangesetID')}\n\n@{join(body('リクエスト本文changesetを作成する'), concat(variables('NewLine'), variables('NewLine')))}\n\n--changeset_@{variables('ChangesetID')}--\n--batch_@{variables('BatchID')}--",
          "runAfter": {
            "リクエスト本文changesetを作成する": [
              "Succeeded"
            ]
          },
          "metadata": {
            "operationMetadataId": "469b9d5b-d2ea-40ae-b87a-d6878a0b6172"
          }
        },
        "テーブルを作成する": {
          "type": "OpenApiConnection",
          "description": "https://orgfa5b0cd9.crm7.dynamics.com",
          "inputs": {
            "parameters": {
              "request/method": "POST",
              "request/url": "@{variables('OrganizationURI')}/api/data/v9.2/$batch",
              "request/headers": {
                "Content-Type": "multipart/mixed;boundary=batch_@{variables('BatchID')}",
                "OData-MaxVersion": "4.0",
                "OData-Version": "4.0",
                "Accept": "application/json"
              },
              "request/body": "@outputs('リクエスト本文batchを作成する')"
            },
            "host": {
              "apiId": "/providers/Microsoft.PowerApps/apis/shared_webcontents",
              "operationId": "InvokeHttp",
              "connectionName": "shared_webcontents"
            }
          },
          "runAfter": {
            "リクエスト本文batchを作成する": [
              "Succeeded"
            ]
          },
          "metadata": {
            "operationMetadataId": "63154bb3-e103-46cf-b1dd-d748f024912d"
          }
        },
        "SourceRecordsStringを初期化する": {
          "type": "InitializeVariable",
          "inputs": {
            "variables": [
              {
                "name": "SourceRecordsString",
                "type": "string",
                "value": "@{json(replace(replace(replace(replace(variables('SourceRecordsValue'), variables('SchemaNames')?['SourceCol'], variables('SchemaNames')?['DestCol']), variables('SchemaNames')?['Source'], variables('SchemaNames')?['Dest']), variables('LogicalNames')?['SourceCol'], variables('LogicalNames')?['DestCol']), variables('LogicalNames')?['Source'], variables('LogicalNames')?['Dest']))}"
              }
            ]
          },
          "runAfter": {
            "複製元テーブルを初期化する": [
              "Succeeded"
            ]
          },
          "metadata": {
            "operationMetadataId": "1aef69fb-4aaf-43eb-a426-b66b2d673f6c"
          }
        },
        "複製元テーブルを初期化する": {
          "type": "InitializeVariable",
          "inputs": {
            "variables": [
              {
                "name": "SourceRecordsValue",
                "type": "string",
                "value": "@{outputs('複製元テーブルの行を一覧にする')?['body/value']}"
              }
            ]
          },
          "runAfter": {
            "複製元テーブルの行を一覧にする": [
              "Succeeded"
            ]
          },
          "metadata": {
            "operationMetadataId": "43ff0c90-a994-46ca-8e6b-e04a11856150"
          }
        },
        "SourceRecordsArrayを初期化する": {
          "type": "InitializeVariable",
          "inputs": {
            "variables": [
              {
                "name": "SourceRecordsArray",
                "type": "array",
                "value": "@json(variables('SourceRecordsString'))"
              }
            ]
          },
          "runAfter": {
            "SourceRecordsStringを初期化する": [
              "Succeeded"
            ]
          },
          "metadata": {
            "operationMetadataId": "1aef69fb-4aaf-43eb-a426-b66b2d673f6c"
          }
        },
        "SourceRecordsArray選択": {
          "type": "Select",
          "description": "variables('SourceRecordsArray') item()?['ya_Address'] マップのキーは小文字（論理名）",
          "inputs": {
            "from": "@variables('SourceRecordsArray')",
            "select": {
              "ya_address": "@item()?['ya_Address']",
              "ya_birthdate": "@item()?['ya_BirthDate']",
              "ya_column": "@item()?['ya_Column']",
              "ya_column1": "@item()?['ya_Column1']",
              "ya_column2": "@item()?['ya_Column2']",
              "ya_priority": "@item()?['ya_Priority']",
              "ya_sex": "@item()?['ya_Sex']",
              "overriddencreatedon": "@variables('CreatedOn')"
            }
          },
          "runAfter": {
            "SourceRecordsArrayを初期化する": [
              "Succeeded"
            ]
          },
          "metadata": {
            "operationMetadataId": "1277540a-42fa-42e2-a6cd-f58da2439f28"
          }
        },
        "CreatedOnを初期化する": {
          "type": "InitializeVariable",
          "description": "if(empty(coalesce(triggerBody()?['text_2'], '')), addDays(utcNow(), -365), triggerBody()['text_2'])",
          "inputs": {
            "variables": [
              {
                "name": "CreatedOn",
                "type": "string",
                "value": "@if(empty(coalesce(triggerBody()?['text_2'], '')), addDays(utcNow(), -365), triggerBody()['text_2'])"
              }
            ]
          },
          "runAfter": {
            "LogicalNamesを初期化する": [
              "Succeeded"
            ]
          }
        }
      }
    },
    "templateName": null
  },
  "schemaVersion": "1.0.0.0"
}