{
  "properties": {
    "connectionReferences": {
      "shared_webcontents": {
        "runtimeSource": "invoker",
        "connection": {
          "connectionReferenceLogicalName": "ya_sharedwebcontents_2c51d"
        },
        "api": {
          "name": "shared_webcontents"
        }
      }
    },
    "definition": {
      "$schema": "https://schema.management.azure.com/providers/Microsoft.Logic/schemas/2016-06-01/workflowdefinition.json#",
      "contentVersion": "1.0.0.0",
      "parameters": {
        "$connections": {
          "defaultValue": {},
          "type": "Object"
        },
        "$authentication": {
          "defaultValue": {},
          "type": "SecureObject"
        }
      },
      "triggers": {
        "manual": {
          "metadata": {
            "operationMetadataId": "31f5c8f4-0799-4ef3-9d6c-78d4d540eab0"
          },
          "type": "Request",
          "kind": "Button",
          "inputs": {
            "schema": {
              "type": "object",
              "properties": {
                "text": {
                  "title": "SourceSchemaName",
                  "type": "string",
                  "x-ms-dynamically-added": true,
                  "description": "複製元テーブルのスキーマ名を指定してください（例：ya_Customer）",
                  "x-ms-content-hint": "TEXT"
                },
                "text_1": {
                  "description": "複製先テーブルのスキーマ名を指定してください（例：ya_NewCustomer）",
                  "title": "DestinationSchemaName",
                  "type": "string",
                  "x-ms-content-hint": "TEXT",
                  "x-ms-dynamically-added": true
                },
                "text_3": {
                  "title": "SourceCollectionSchemaName",
                  "type": "string",
                  "x-ms-dynamically-added": true,
                  "description": "複製元テーブルのスキーマ名の複数形を指定してください（例：ya_Customers）（省略可）",
                  "x-ms-content-hint": "TEXT"
                },
                "text_4": {
                  "title": "DestinationCollectionSchemaName",
                  "type": "string",
                  "x-ms-dynamically-added": true,
                  "description": "複製先テーブルのスキーマ名の複数形を指定してください（例：ya_Customers）（省略可）",
                  "x-ms-content-hint": "TEXT"
                },
                "text_5": {
                  "title": "MSCRM.SolutionUniqueName",
                  "type": "string",
                  "x-ms-dynamically-added": true,
                  "description": "ソリューション名を指定してください（例：examplesolution）",
                  "x-ms-content-hint": "TEXT"
                }
              },
              "required": [
                "text",
                "text_1",
                "text_5"
              ]
            }
          }
        }
      },
      "actions": {
        "テーブル定義を取得する": {
          "runAfter": {
            "OrganizationURIを初期化する": [
              "Succeeded"
            ]
          },
          "metadata": {
            "operationMetadataId": "63154bb3-e103-46cf-b1dd-d748f024912d"
          },
          "type": "OpenApiConnection",
          "inputs": {
            "host": {
              "connectionName": "shared_webcontents",
              "operationId": "InvokeHttp",
              "apiId": "/providers/Microsoft.PowerApps/apis/shared_webcontents"
            },
            "parameters": {
              "request/method": "GET",
              "request/url": "@{variables('OrganizationURI')}/api/data/v9.2/EntityDefinitions(LogicalName='@{variables('LogicalNames')?['Source']}')",
              "request/headers": {
                "Content-Type": "application/json; charset=utf-8",
                "OData-MaxVersion": "4.0",
                "OData-Version": "4.0",
                "Accept": "application/json"
              }
            },
            "authentication": {
              "type": "Raw",
              "value": "@json(decodeBase64(triggerOutputs().headers['X-MS-APIM-Tokens']))['$ConnectionKey']"
            }
          },
          "description": "https://orgfa5b0cd9.crm7.dynamics.com variables('LogicalNames')?['Source']"
        },
        "OrganizationURIを初期化する": {
          "runAfter": {
            "LogicalNamesを初期化する": [
              "Succeeded"
            ]
          },
          "metadata": {
            "operationMetadataId": "91014e03-f641-4405-85c2-baf48ad847db"
          },
          "type": "InitializeVariable",
          "inputs": {
            "variables": [
              {
                "name": "OrganizationURI",
                "type": "string",
                "value": "https://orgfa5b0cd9.crm7.dynamics.com"
              }
            ]
          }
        },
        "条件": {
          "actions": {
            "テーブルを作成する": {
              "runAfter": {},
              "metadata": {
                "operationMetadataId": "63154bb3-e103-46cf-b1dd-d748f024912d"
              },
              "type": "OpenApiConnection",
              "inputs": {
                "host": {
                  "connectionName": "shared_webcontents",
                  "operationId": "InvokeHttp",
                  "apiId": "/providers/Microsoft.PowerApps/apis/shared_webcontents"
                },
                "parameters": {
                  "request/method": "POST",
                  "request/url": "@{variables('OrganizationURI')}/api/data/v9.2/EntityDefinitions",
                  "request/headers": {
                    "Content-Type": "application/json; charset=utf-8",
                    "OData-MaxVersion": "4.0",
                    "OData-Version": "4.0",
                    "Accept": "application/json",
                    "MSCRM.SolutionUniqueName": "@triggerBody()['text_5']"
                  },
                  "request/body": "@variables('MergedDefinition')"
                },
                "authentication": {
                  "type": "Raw",
                  "value": "@json(decodeBase64(triggerOutputs().headers['X-MS-APIM-Tokens']))['$ConnectionKey']"
                }
              },
              "description": "https://orgfa5b0cd9.crm7.dynamics.com"
            },
            "AttributeDefinitionArrayのCustomAttributeフィルター処理": {
              "runAfter": {
                "テーブルを作成する": [
                  "Succeeded"
                ]
              },
              "metadata": {
                "operationMetadataId": "f1fa2aff-0c39-4b0f-abf2-3d8af0f6494f"
              },
              "type": "Query",
              "inputs": {
                "from": "@variables('AttributeDefinitionArray')",
                "where": "@equals(item()['IsCustomAttribute'], true)"
              },
              "description": "equals(item()['IsCustomAttribute'], true)"
            },
            "CustomAttributeに適用する": {
              "foreach": "@body('AttributeDefinitionArrayのCustomAttributeフィルター処理')",
              "actions": {
                "列を作成する": {
                  "runAfter": {},
                  "metadata": {
                    "operationMetadataId": "63154bb3-e103-46cf-b1dd-d748f024912d"
                  },
                  "type": "OpenApiConnection",
                  "inputs": {
                    "host": {
                      "connectionName": "shared_webcontents",
                      "operationId": "InvokeHttp",
                      "apiId": "/providers/Microsoft.PowerApps/apis/shared_webcontents"
                    },
                    "parameters": {
                      "request/method": "POST",
                      "request/url": "@{variables('OrganizationURI')}/api/data/v9.2/EntityDefinitions(LogicalName='@{variables('LogicalNames')?['Dest']}')/Attributes",
                      "request/headers": {
                        "Content-Type": "application/json; charset=utf-8",
                        "OData-MaxVersion": "4.0",
                        "OData-Version": "4.0",
                        "Accept": "application/json",
                        "MSCRM.SolutionUniqueName": "@triggerBody()['text_5']"
                      },
                      "request/body": "@removeProperty(item(), 'MetadataId')"
                    },
                    "authentication": {
                      "type": "Raw",
                      "value": "@json(decodeBase64(triggerOutputs().headers['X-MS-APIM-Tokens']))['$ConnectionKey']"
                    }
                  },
                  "description": "https://orgfa5b0cd9.crm7.dynamics.com variables('LogicalNames')?['Dest'] removeProperty(item(), 'MetadataId')"
                }
              },
              "runAfter": {
                "AttributeDefinitionArrayのCustomAttributeフィルター処理": [
                  "Succeeded"
                ]
              },
              "metadata": {
                "operationMetadataId": "a0e05887-19dd-4f55-88cc-990ae3992fd0"
              },
              "type": "Foreach"
            }
          },
          "runAfter": {
            "MergedDefinitionを初期化する": [
              "Succeeded"
            ]
          },
          "expression": {
            "and": [
              {
                "equals": [
                  1,
                  1
                ]
              }
            ]
          },
          "metadata": {
            "operationMetadataId": "c5b5cc51-70aa-4747-8890-9882ea12c700"
          },
          "type": "If"
        },
        "EntityDefinitionを初期化する": {
          "runAfter": {
            "テーブル列定義を取得する": [
              "Succeeded"
            ]
          },
          "metadata": {
            "operationMetadataId": "96554a20-9334-4245-9c43-ff691bbc4f67"
          },
          "type": "InitializeVariable",
          "inputs": {
            "variables": [
              {
                "name": "EntityDefinition",
                "type": "string",
                "value": "@{string(outputs('テーブル定義を取得する')?['body'])}"
              }
            ]
          }
        },
        "SchemaNamesを初期化する": {
          "runAfter": {},
          "metadata": {
            "operationMetadataId": "1eba8a37-2f36-47c3-a956-bdc9b53fcabb"
          },
          "type": "InitializeVariable",
          "inputs": {
            "variables": [
              {
                "name": "SchemaNames",
                "type": "object",
                "value": {
                  "Source": "@{triggerBody()['text']}",
                  "Dest": "@{triggerBody()['text_1']}",
                  "SourceCol": "@{if(empty(coalesce(triggerBody()?['text_3'], '')), concat(triggerBody()['text'], 's'), triggerBody()['text_3'])}",
                  "DestCol": "@{if(empty(coalesce(triggerBody()?['text_4'], '')), concat(triggerBody()['text_1'], 's'), triggerBody()['text_4'])}"
                }
              }
            ]
          }
        },
        "LogicalNamesを初期化する": {
          "runAfter": {
            "SchemaNamesを初期化する": [
              "Succeeded"
            ]
          },
          "metadata": {
            "operationMetadataId": "910aee01-4da1-4667-8ffa-df8b0eb9a9fc"
          },
          "type": "InitializeVariable",
          "inputs": {
            "variables": [
              {
                "name": "LogicalNames",
                "type": "object",
                "value": {
                  "Source": "@{toLower(variables('SchemaNames')?['Source'])}",
                  "Dest": "@{toLower(variables('SchemaNames')?['Dest'])}",
                  "SourceCol": "@{toLower(variables('SchemaNames')?['SourceCol'])}",
                  "DestCol": "@{toLower(variables('SchemaNames')?['DestCol'])}"
                }
              }
            ]
          }
        },
        "テーブル列定義を取得する": {
          "runAfter": {
            "テーブル定義を取得する": [
              "Succeeded"
            ]
          },
          "metadata": {
            "operationMetadataId": "63154bb3-e103-46cf-b1dd-d748f024912d"
          },
          "type": "OpenApiConnection",
          "inputs": {
            "host": {
              "connectionName": "shared_webcontents",
              "operationId": "InvokeHttp",
              "apiId": "/providers/Microsoft.PowerApps/apis/shared_webcontents"
            },
            "parameters": {
              "request/method": "GET",
              "request/url": "@{variables('OrganizationURI')}/api/data/v9.2/EntityDefinitions(LogicalName='@{variables('LogicalNames')?['Source']}')/Attributes",
              "request/headers": {
                "Content-Type": "application/json; charset=utf-8",
                "OData-MaxVersion": "4.0",
                "OData-Version": "4.0",
                "Accept": "application/json"
              }
            },
            "authentication": {
              "type": "Raw",
              "value": "@json(decodeBase64(triggerOutputs().headers['X-MS-APIM-Tokens']))['$ConnectionKey']"
            }
          },
          "description": "https://orgfa5b0cd9.crm7.dynamics.com variables('LogicalNames')?['Source']"
        },
        "AttributeDefinitionを初期化する": {
          "runAfter": {
            "EntityDefinitionReplacedを初期化する": [
              "Succeeded"
            ]
          },
          "metadata": {
            "operationMetadataId": "f51e1b5c-e8c2-4f0f-87d9-f296683ba22a"
          },
          "type": "InitializeVariable",
          "inputs": {
            "variables": [
              {
                "name": "AttributeDefinition",
                "type": "string",
                "value": "@{outputs('テーブル列定義を取得する')?['body']}"
              }
            ]
          }
        },
        "EntityDefinitionReplacedを初期化する": {
          "runAfter": {
            "EntityDefinitionを初期化する": [
              "Succeeded"
            ]
          },
          "metadata": {
            "operationMetadataId": "fe1b4961-51c3-4617-b241-9176edc3b387"
          },
          "type": "InitializeVariable",
          "inputs": {
            "variables": [
              {
                "name": "EntityDefinitionReplaced",
                "type": "string",
                "value": "@{replace(replace(replace(replace(variables('EntityDefinition'), variables('SchemaNames')?['SourceCol'], variables('SchemaNames')?['DestCol']), variables('SchemaNames')?['Source'], variables('SchemaNames')?['Dest']), variables('LogicalNames')?['SourceCol'], variables('LogicalNames')?['DestCol']), variables('LogicalNames')?['Source'], variables('LogicalNames')?['Dest'])}"
              }
            ]
          }
        },
        "AttributeDefinitionReplacedを初期化する": {
          "runAfter": {
            "AttributeDefinitionを初期化する": [
              "Succeeded"
            ]
          },
          "metadata": {
            "operationMetadataId": "6f9e6af9-1de0-47f3-8866-a1e023021c8c"
          },
          "type": "InitializeVariable",
          "inputs": {
            "variables": [
              {
                "name": "AttributeDefinitionReplaced",
                "type": "string",
                "value": "@{replace(replace(replace(replace(variables('AttributeDefinition'), variables('SchemaNames')?['SourceCol'], variables('SchemaNames')?['DestCol']), variables('SchemaNames')?['Source'], variables('SchemaNames')?['Dest']), variables('LogicalNames')?['SourceCol'], variables('LogicalNames')?['DestCol']), variables('LogicalNames')?['Source'], variables('LogicalNames')?['Dest'])}"
              }
            ]
          }
        },
        "MergedDefinitionを初期化する": {
          "runAfter": {
            "Apply_to_each": [
              "Succeeded"
            ]
          },
          "metadata": {
            "operationMetadataId": "8a7224e7-bad0-49ab-a0c5-8c6d26615858"
          },
          "type": "InitializeVariable",
          "inputs": {
            "variables": [
              {
                "name": "MergedDefinition",
                "type": "object",
                "value": "@addProperty( removeProperty( json( variables('EntityDefinitionReplaced') ), 'MetadataId' ), 'Attributes', variables('IdRemovedAttributes') )"
              }
            ]
          },
          "description": "addProperty( removeProperty( json( variables('EntityDefinitionReplaced') ), 'MetadataId' ), 'Attributes', variables('IdRemovedAttributes') )"
        },
        "AttributeDefinitionArrayのPrimaryNameフィルター処理": {
          "runAfter": {
            "AttributeDefinitionArrayを初期化する": [
              "Succeeded"
            ]
          },
          "metadata": {
            "operationMetadataId": "f1fa2aff-0c39-4b0f-abf2-3d8af0f6494f"
          },
          "type": "Query",
          "inputs": {
            "from": "@variables('AttributeDefinitionArray')",
            "where": "@equals(item()['IsPrimaryName'], true)"
          },
          "description": "equals(item()['IsPrimaryName'], true)"
        },
        "AttributeDefinitionArrayを初期化する": {
          "runAfter": {
            "AttributeDefinitionReplacedを初期化する": [
              "Succeeded"
            ]
          },
          "metadata": {
            "operationMetadataId": "6f9e6af9-1de0-47f3-8866-a1e023021c8c"
          },
          "type": "InitializeVariable",
          "inputs": {
            "variables": [
              {
                "name": "AttributeDefinitionArray",
                "type": "array",
                "value": "@json(variables('AttributeDefinitionReplaced'))?['value']"
              }
            ]
          },
          "description": "json(variables('AttributeDefinitionReplaced'))?['value']"
        },
        "IdRemovedAttributesを初期化する": {
          "runAfter": {
            "AttributeDefinitionArrayのPrimaryNameフィルター処理": [
              "Succeeded"
            ]
          },
          "metadata": {
            "operationMetadataId": "4bf15c0c-a260-4cbd-a765-d9649b823e3b"
          },
          "type": "InitializeVariable",
          "inputs": {
            "variables": [
              {
                "name": "IdRemovedAttributes",
                "type": "array"
              }
            ]
          }
        },
        "Apply_to_each": {
          "foreach": "@body('AttributeDefinitionArrayのPrimaryNameフィルター処理')",
          "actions": {
            "IdRemovedAttributesに追加": {
              "runAfter": {},
              "metadata": {
                "operationMetadataId": "711b1929-ea43-4407-b0d0-7c6ac2fffb47"
              },
              "type": "AppendToArrayVariable",
              "inputs": {
                "name": "IdRemovedAttributes",
                "value": "@removeProperty(item(), 'MetadataId')"
              },
              "description": "removeProperty(item(), 'MetadataId')"
            }
          },
          "runAfter": {
            "IdRemovedAttributesを初期化する": [
              "Succeeded"
            ]
          },
          "metadata": {
            "operationMetadataId": "5ebee8a3-3e60-4ebc-bdb6-c3d6dd7ab66a"
          },
          "type": "Foreach"
        }
      }
    },
    "templateName": ""
  },
  "schemaVersion": "1.0.0.0"
}