{
  "properties": {
    "connectionReferences": {
      "shared_webcontents": {
        "api": {
          "name": "shared_webcontents"
        },
        "connection": {
          "connectionReferenceLogicalName": "ya_sharedwebcontents_2c51d"
        },
        "runtimeSource": "invoker"
      }
    },
    "definition": {
      "$schema": "https://schema.management.azure.com/providers/Microsoft.Logic/schemas/2016-06-01/workflowdefinition.json#",
      "contentVersion": "1.0.0.0",
      "parameters": {
        "$authentication": {
          "defaultValue": {},
          "type": "SecureObject"
        },
        "$connections": {
          "defaultValue": {},
          "type": "Object"
        }
      },
      "triggers": {
        "manual": {
          "type": "Request",
          "kind": "Button",
          "inputs": {
            "schema": {
              "type": "object",
              "properties": {
                "text": {
                  "title": "SourceSchemaName",
                  "type": "string",
                  "x-ms-dynamically-added": true,
                  "description": "複製元テーブルのスキーマ名を指定してください（例：ya_Customer）",
                  "x-ms-content-hint": "TEXT"
                },
                "text_1": {
                  "description": "複製先テーブルのスキーマ名を指定してください（例：ya_NewCustomer）",
                  "title": "DestinationSchemaName",
                  "type": "string",
                  "x-ms-content-hint": "TEXT",
                  "x-ms-dynamically-added": true
                },
                "text_3": {
                  "title": "SourceCollectionSchemaName",
                  "type": "string",
                  "x-ms-dynamically-added": true,
                  "description": "複製元テーブルのスキーマ名の複数形を指定してください（例：ya_Customers）（省略可）",
                  "x-ms-content-hint": "TEXT"
                },
                "text_4": {
                  "title": "DestinationCollectionSchemaName",
                  "type": "string",
                  "x-ms-dynamically-added": true,
                  "description": "複製先テーブルのスキーマ名の複数形を指定してください（例：ya_Customers）（省略可）",
                  "x-ms-content-hint": "TEXT"
                },
                "text_5": {
                  "title": "MSCRM.SolutionUniqueName",
                  "type": "string",
                  "x-ms-dynamically-added": true,
                  "description": "ソリューション名を指定してください（例：examplesolution）",
                  "x-ms-content-hint": "TEXT"
                }
              },
              "required": [
                "text",
                "text_1",
                "text_5"
              ]
            }
          },
          "metadata": {
            "operationMetadataId": "31f5c8f4-0799-4ef3-9d6c-78d4d540eab0"
          }
        }
      },
      "actions": {
        "元テーブル定義の取得": {
          "type": "OpenApiConnection",
          "description": "@{variables('組URI')}/api/data/v9.2/EntityDefinitions(LogicalName='@{variables('名')?['元論']}')",
          "inputs": {
            "parameters": {
              "request/method": "GET",
              "request/url": "@{variables('組URI')}/api/data/v9.2/EntityDefinitions(LogicalName='@{variables('名')?['元論']}')",
              "request/headers": {
                "Content-Type": "application/json; charset=utf-8",
                "OData-MaxVersion": "4.0",
                "OData-Version": "4.0",
                "Accept": "application/json"
              }
            },
            "host": {
              "apiId": "/providers/Microsoft.PowerApps/apis/shared_webcontents",
              "operationId": "InvokeHttp",
              "connectionName": "shared_webcontents"
            }
          },
          "runAfter": {
            "OrganizationURI": [
              "Succeeded"
            ]
          },
          "metadata": {
            "operationMetadataId": "63154bb3-e103-46cf-b1dd-d748f024912d"
          }
        },
        "OrganizationURI": {
          "type": "InitializeVariable",
          "inputs": {
            "variables": [
              {
                "name": "組URI",
                "type": "string",
                "value": "https://orgfa5b0cd9.crm7.dynamics.com"
              }
            ]
          },
          "runAfter": {
            "SchemaNames": [
              "Succeeded"
            ]
          },
          "metadata": {
            "operationMetadataId": "91014e03-f641-4405-85c2-baf48ad847db"
          }
        },
        "条件": {
          "type": "If",
          "expression": {
            "and": [
              {
                "equals": [
                  1,
                  1
                ]
              }
            ]
          },
          "actions": {
            "カスタム列": {
              "type": "Query",
              "description": "and(equals(item()['IsCustomAttribute'], true), not(equals(item()['IsPrimaryName'], true)))",
              "inputs": {
                "from": "@variables('列配列')",
                "where": "@and(equals(item()['IsCustomAttribute'], true), not(equals(item()['IsPrimaryName'], true)))"
              },
              "runAfter": {
                "テーブルを作成する": [
                  "Succeeded"
                ]
              },
              "metadata": {
                "operationMetadataId": "f1fa2aff-0c39-4b0f-abf2-3d8af0f6494f"
              }
            },
            "CustomAttributeに適用する": {
              "type": "Foreach",
              "foreach": "@body('カスタム列')",
              "actions": {
                "Virtual列の場合": {
                  "type": "If",
                  "description": "item()?['AttributeType']",
                  "expression": {
                    "and": [
                      {
                        "equals": [
                          "@item()?['AttributeType']",
                          "Virtual"
                        ]
                      }
                    ]
                  },
                  "actions": {},
                  "else": {
                    "actions": {
                      "選択肢列の場合": {
                        "type": "If",
                        "description": "item()?['@odata.type']",
                        "expression": {
                          "and": [
                            {
                              "equals": [
                                "@item()?['@odata.type']",
                                "#Microsoft.Dynamics.CRM.PicklistAttributeMetadata"
                              ]
                            }
                          ]
                        },
                        "actions": {
                          "元テーブル選択肢列定義を取得する": {
                            "type": "OpenApiConnection",
                            "description": "@{variables('組URI')}/api/data/v9.2/EntityDefinitions(LogicalName='@{variables('名')?['元論']}')/Attributes(LogicalName='@{item()?['LogicalName']}')/Microsoft.Dynamics.CRM.PicklistAttributeMetadata?$expand=OptionSet",
                            "inputs": {
                              "parameters": {
                                "request/method": "GET",
                                "request/url": "@{variables('組URI')}/api/data/v9.2/EntityDefinitions(LogicalName='@{variables('名')?['元論']}')/Attributes(LogicalName='@{item()?['LogicalName']}')/Microsoft.Dynamics.CRM.PicklistAttributeMetadata?$expand=OptionSet",
                                "request/headers": {
                                  "Content-Type": "application/json; charset=utf-8",
                                  "OData-MaxVersion": "4.0",
                                  "OData-Version": "4.0",
                                  "Accept": "application/json"
                                }
                              },
                              "host": {
                                "apiId": "/providers/Microsoft.PowerApps/apis/shared_webcontents",
                                "operationId": "InvokeHttp",
                                "connectionName": "shared_webcontents"
                              }
                            },
                            "metadata": {
                              "operationMetadataId": "63154bb3-e103-46cf-b1dd-d748f024912d"
                            }
                          },
                          "選択肢列を作成する": {
                            "type": "OpenApiConnection",
                            "description": "https://orgfa5b0cd9.crm7.dynamics.com variables('LogicalNames')?['Dest']",
                            "inputs": {
                              "parameters": {
                                "request/method": "POST",
                                "request/url": "@{variables('組URI')}/api/data/v9.2/EntityDefinitions(LogicalName='@{variables('名')?['先論']}')/Attributes",
                                "request/headers": {
                                  "Content-Type": "application/json; charset=utf-8",
                                  "OData-MaxVersion": "4.0",
                                  "OData-Version": "4.0",
                                  "Accept": "application/json",
                                  "MSCRM.SolutionUniqueName": "@triggerBody()['text_5']"
                                },
                                "request/body": "@addProperty(removeProperty(item(), 'MetadataId'), 'OptionSet', removeProperty(json(replace(replace(replace(replace(string(body('元テーブル選択肢列定義を取得する')?['OptionSet']), variables('名')?['元ス複'], variables('名')?['先ス複']), variables('名')?['元ス'], variables('名')?['先ス']), variables('名')?['元論複'], variables('名')?['先論複']), variables('名')?['元論'], variables('名')?['先論'])), 'MetadataId'))"
                              },
                              "host": {
                                "apiId": "/providers/Microsoft.PowerApps/apis/shared_webcontents",
                                "operationId": "InvokeHttp",
                                "connectionName": "shared_webcontents"
                              }
                            },
                            "runAfter": {
                              "元テーブル選択肢列定義を取得する": [
                                "Succeeded"
                              ]
                            },
                            "metadata": {
                              "operationMetadataId": "63154bb3-e103-46cf-b1dd-d748f024912d"
                            }
                          }
                        },
                        "else": {
                          "actions": {
                            "列を作成する": {
                              "type": "OpenApiConnection",
                              "description": "https://orgfa5b0cd9.crm7.dynamics.com variables('LogicalNames')?['Dest'] removeProperty(item(), 'MetadataId')",
                              "inputs": {
                                "parameters": {
                                  "request/method": "POST",
                                  "request/url": "@{variables('組URI')}/api/data/v9.2/EntityDefinitions(LogicalName='@{variables('名')?['先論']}')/Attributes",
                                  "request/headers": {
                                    "Content-Type": "application/json; charset=utf-8",
                                    "OData-MaxVersion": "4.0",
                                    "OData-Version": "4.0",
                                    "Accept": "application/json",
                                    "MSCRM.SolutionUniqueName": "@triggerBody()['text_5']"
                                  },
                                  "request/body": "@removeProperty(item(), 'MetadataId')"
                                },
                                "host": {
                                  "apiId": "/providers/Microsoft.PowerApps/apis/shared_webcontents",
                                  "operationId": "InvokeHttp",
                                  "connectionName": "shared_webcontents"
                                }
                              },
                              "metadata": {
                                "operationMetadataId": "63154bb3-e103-46cf-b1dd-d748f024912d"
                              }
                            }
                          }
                        }
                      }
                    }
                  }
                }
              },
              "runAfter": {
                "カスタム列": [
                  "Succeeded"
                ]
              },
              "metadata": {
                "operationMetadataId": "a0e05887-19dd-4f55-88cc-990ae3992fd0"
              }
            },
            "テーブルを作成する": {
              "type": "OpenApiConnection",
              "description": "https://orgfa5b0cd9.crm7.dynamics.com",
              "inputs": {
                "parameters": {
                  "request/method": "POST",
                  "request/url": "@{variables('組URI')}/api/data/v9.2/EntityDefinitions",
                  "request/headers": {
                    "Content-Type": "application/json; charset=utf-8",
                    "OData-MaxVersion": "4.0",
                    "OData-Version": "4.0",
                    "Accept": "application/json",
                    "MSCRM.SolutionUniqueName": "@triggerBody()['text_5']"
                  },
                  "request/body": "@variables('マージド')"
                },
                "host": {
                  "apiId": "/providers/Microsoft.PowerApps/apis/shared_webcontents",
                  "operationId": "InvokeHttp",
                  "connectionName": "shared_webcontents"
                }
              },
              "metadata": {
                "operationMetadataId": "63154bb3-e103-46cf-b1dd-d748f024912d"
              }
            }
          },
          "else": {
            "actions": {}
          },
          "runAfter": {
            "マージド": [
              "Succeeded"
            ]
          },
          "metadata": {
            "operationMetadataId": "c5b5cc51-70aa-4747-8890-9882ea12c700"
          }
        },
        "SchemaNames": {
          "type": "InitializeVariable",
          "inputs": {
            "variables": [
              {
                "name": "名",
                "type": "object",
                "value": {
                  "元ス": "@{triggerBody()['text']}",
                  "先ス": "@{triggerBody()['text_1']}",
                  "元ス複": "@{if(empty(coalesce(triggerBody()?['text_3'], '')), concat(triggerBody()['text'], 's'), triggerBody()['text_3'])}",
                  "先ス複": "@{if(empty(coalesce(triggerBody()?['text_4'], '')), concat(triggerBody()['text_1'], 's'), triggerBody()['text_4'])}",
                  "元論": "@{toLower(triggerBody()['text'])}",
                  "先論": "@{toLower(triggerBody()['text_1'])}",
                  "元論複": "@{toLower(if(empty(coalesce(triggerBody()?['text_3'], '')), concat(triggerBody()['text'], 's'), triggerBody()['text_3']))}",
                  "先論複": "@{toLower(if(empty(coalesce(triggerBody()?['text_4'], '')), concat(triggerBody()['text_1'], 's'), triggerBody()['text_4']))}"
                }
              }
            ]
          },
          "runAfter": {},
          "metadata": {
            "operationMetadataId": "1eba8a37-2f36-47c3-a956-bdc9b53fcabb"
          }
        },
        "元テーブル列定義を取得する": {
          "type": "OpenApiConnection",
          "description": "@{variables('組URI')}/api/data/v9.2/EntityDefinitions(LogicalName='@{variables('名')?['元論']}')/Attributes",
          "inputs": {
            "parameters": {
              "request/method": "GET",
              "request/url": "@{variables('組URI')}/api/data/v9.2/EntityDefinitions(LogicalName='@{variables('名')?['元論']}')/Attributes",
              "request/headers": {
                "Content-Type": "application/json; charset=utf-8",
                "OData-MaxVersion": "4.0",
                "OData-Version": "4.0",
                "Accept": "application/json"
              }
            },
            "host": {
              "apiId": "/providers/Microsoft.PowerApps/apis/shared_webcontents",
              "operationId": "InvokeHttp",
              "connectionName": "shared_webcontents"
            }
          },
          "runAfter": {
            "元テーブル定義の解析": [
              "Succeeded"
            ]
          },
          "metadata": {
            "operationMetadataId": "63154bb3-e103-46cf-b1dd-d748f024912d"
          }
        },
        "プライマリ名の列の配列": {
          "type": "Query",
          "description": "equals(item()['IsPrimaryName'], true)",
          "inputs": {
            "from": "@variables('列配列')",
            "where": "@equals(item()['IsPrimaryName'], true)"
          },
          "runAfter": {
            "列配列": [
              "Succeeded"
            ]
          },
          "metadata": {
            "operationMetadataId": "f1fa2aff-0c39-4b0f-abf2-3d8af0f6494f"
          }
        },
        "列配列": {
          "type": "InitializeVariable",
          "description": "json(replace(replace(replace(replace(string(body('元テーブル列定義の解析')?['value']), variables('名')?['元ス複'], variables('名')?['先ス複']), variables('名')?['元ス'], variables('名')?['先ス']), variables('名')?['元論複'], variables('名')?['先論複']), variables('名')?['元論'], variables('名",
          "inputs": {
            "variables": [
              {
                "name": "列配列",
                "type": "array",
                "value": "@json(replace(replace(replace(replace(string(body('元テーブル列定義の解析')?['value']), variables('名')?['元ス複'], variables('名')?['先ス複']), variables('名')?['元ス'], variables('名')?['先ス']), variables('名')?['元論複'], variables('名')?['先論複']), variables('名')?['元論'], variables('名')?['先論']))"
              }
            ]
          },
          "runAfter": {
            "元テーブル定義ID除去": [
              "Succeeded"
            ]
          },
          "metadata": {
            "operationMetadataId": "6f9e6af9-1de0-47f3-8866-a1e023021c8c"
          }
        },
        "元テーブル定義の解析": {
          "type": "ParseJson",
          "inputs": {
            "content": "@body('元テーブル定義の取得')",
            "schema": {
              "type": "object",
              "properties": {
                "@@odata.context": {
                  "type": [
                    "string",
                    "null"
                  ]
                },
                "ActivityTypeMask": {
                  "type": [
                    "integer",
                    "null"
                  ]
                },
                "AutoRouteToOwnerQueue": {
                  "type": [
                    "boolean",
                    "null"
                  ]
                },
                "CanTriggerWorkflow": {
                  "type": [
                    "boolean",
                    "null"
                  ]
                },
                "EntityHelpUrlEnabled": {
                  "type": [
                    "boolean",
                    "null"
                  ]
                },
                "IsDocumentManagementEnabled": {
                  "type": [
                    "boolean",
                    "null"
                  ]
                },
                "IsOneNoteIntegrationEnabled": {
                  "type": [
                    "boolean",
                    "null"
                  ]
                },
                "IsInteractionCentricEnabled": {
                  "type": [
                    "boolean",
                    "null"
                  ]
                },
                "IsKnowledgeManagementEnabled": {
                  "type": [
                    "boolean",
                    "null"
                  ]
                },
                "IsSLAEnabled": {
                  "type": [
                    "boolean",
                    "null"
                  ]
                },
                "IsBPFEntity": {
                  "type": [
                    "boolean",
                    "null"
                  ]
                },
                "IsDocumentRecommendationsEnabled": {
                  "type": [
                    "boolean",
                    "null"
                  ]
                },
                "IsMSTeamsIntegrationEnabled": {
                  "type": [
                    "boolean",
                    "null"
                  ]
                },
                "AutoCreateAccessTeams": {
                  "type": [
                    "boolean",
                    "null"
                  ]
                },
                "IsActivity": {
                  "type": [
                    "boolean",
                    "null"
                  ]
                },
                "IsActivityParty": {
                  "type": [
                    "boolean",
                    "null"
                  ]
                },
                "IsRetrieveAuditEnabled": {
                  "type": [
                    "boolean",
                    "null"
                  ]
                },
                "IsRetrieveMultipleAuditEnabled": {
                  "type": [
                    "boolean",
                    "null"
                  ]
                },
                "IsArchivalEnabled": {
                  "type": [
                    "boolean",
                    "null"
                  ]
                },
                "IsRetentionEnabled": {
                  "type": [
                    "boolean",
                    "null"
                  ]
                },
                "ClusterMode": {
                  "type": [
                    "string",
                    "null"
                  ]
                },
                "IsAvailableOffline": {
                  "type": [
                    "boolean",
                    "null"
                  ]
                },
                "IsChildEntity": {
                  "type": [
                    "boolean",
                    "null"
                  ]
                },
                "IsAIRUpdated": {
                  "type": [
                    "boolean",
                    "null"
                  ]
                },
                "IsCustomEntity": {
                  "type": [
                    "boolean",
                    "null"
                  ]
                },
                "IsBusinessProcessEnabled": {
                  "type": [
                    "boolean",
                    "null"
                  ]
                },
                "SyncToExternalSearchIndex": {
                  "type": [
                    "boolean",
                    "null"
                  ]
                },
                "IsOptimisticConcurrencyEnabled": {
                  "type": [
                    "boolean",
                    "null"
                  ]
                },
                "ChangeTrackingEnabled": {
                  "type": [
                    "boolean",
                    "null"
                  ]
                },
                "IsImportable": {
                  "type": [
                    "boolean",
                    "null"
                  ]
                },
                "IsIntersect": {
                  "type": [
                    "boolean",
                    "null"
                  ]
                },
                "IsManaged": {
                  "type": [
                    "boolean",
                    "null"
                  ]
                },
                "IsEnabledForCharts": {
                  "type": [
                    "boolean",
                    "null"
                  ]
                },
                "IsEnabledForTrace": {
                  "type": [
                    "boolean",
                    "null"
                  ]
                },
                "IsValidForAdvancedFind": {
                  "type": [
                    "boolean",
                    "null"
                  ]
                },
                "DaysSinceRecordLastModified": {
                  "type": [
                    "integer",
                    "null"
                  ]
                },
                "MobileOfflineFilters": {
                  "type": [
                    "string",
                    "null"
                  ]
                },
                "IsReadingPaneEnabled": {
                  "type": [
                    "boolean",
                    "null"
                  ]
                },
                "IsQuickCreateEnabled": {
                  "type": [
                    "boolean",
                    "null"
                  ]
                },
                "LogicalName": {
                  "type": [
                    "string",
                    "null"
                  ]
                },
                "ObjectTypeCode": {
                  "type": [
                    "integer",
                    "null"
                  ]
                },
                "OwnershipType": {
                  "type": [
                    "string",
                    "null"
                  ]
                },
                "PrimaryNameAttribute": {
                  "type": [
                    "string",
                    "null"
                  ]
                },
                "PrimaryIdAttribute": {
                  "type": [
                    "string",
                    "null"
                  ]
                },
                "ReportViewName": {
                  "type": [
                    "string",
                    "null"
                  ]
                },
                "SchemaName": {
                  "type": [
                    "string",
                    "null"
                  ]
                },
                "IntroducedVersion": {
                  "type": [
                    "string",
                    "null"
                  ]
                },
                "IsStateModelAware": {
                  "type": [
                    "boolean",
                    "null"
                  ]
                },
                "EnforceStateTransitions": {
                  "type": [
                    "boolean",
                    "null"
                  ]
                },
                "LogicalCollectionName": {
                  "type": [
                    "string",
                    "null"
                  ]
                },
                "CollectionSchemaName": {
                  "type": [
                    "string",
                    "null"
                  ]
                },
                "EntitySetName": {
                  "type": [
                    "string",
                    "null"
                  ]
                },
                "IsEnabledForExternalChannels": {
                  "type": [
                    "boolean",
                    "null"
                  ]
                },
                "IsPrivate": {
                  "type": [
                    "boolean",
                    "null"
                  ]
                },
                "UsesBusinessDataLabelTable": {
                  "type": [
                    "boolean",
                    "null"
                  ]
                },
                "IsLogicalEntity": {
                  "type": [
                    "boolean",
                    "null"
                  ]
                },
                "HasNotes": {
                  "type": [
                    "boolean",
                    "null"
                  ]
                },
                "HasActivities": {
                  "type": [
                    "boolean",
                    "null"
                  ]
                },
                "HasFeedback": {
                  "type": [
                    "boolean",
                    "null"
                  ]
                },
                "IsSolutionAware": {
                  "type": [
                    "boolean",
                    "null"
                  ]
                },
                "CreatedOn": {
                  "type": [
                    "string",
                    "null"
                  ]
                },
                "ModifiedOn": {
                  "type": [
                    "string",
                    "null"
                  ]
                },
                "HasEmailAddresses": {
                  "type": [
                    "boolean",
                    "null"
                  ]
                },
                "OwnerIdType": {
                  "type": [
                    "integer",
                    "null"
                  ]
                },
                "TableType": {
                  "type": [
                    "string",
                    "null"
                  ]
                },
                "Description": {
                  "type": "object",
                  "properties": {
                    "LocalizedLabels": {
                      "type": [
                        "array",
                        "null"
                      ],
                      "items": {
                        "type": "object",
                        "properties": {
                          "Label": {
                            "type": [
                              "string",
                              "null"
                            ]
                          },
                          "LanguageCode": {
                            "type": [
                              "integer",
                              "null"
                            ]
                          },
                          "IsManaged": {
                            "type": [
                              "boolean",
                              "null"
                            ]
                          },
                          "HasChanged": {}
                        },
                        "required": []
                      }
                    },
                    "UserLocalizedLabel": {
                      "type": "object",
                      "properties": {
                        "Label": {
                          "type": [
                            "string",
                            "null"
                          ]
                        },
                        "LanguageCode": {
                          "type": [
                            "integer",
                            "null"
                          ]
                        },
                        "IsManaged": {
                          "type": [
                            "boolean",
                            "null"
                          ]
                        },
                        "HasChanged": {}
                      }
                    }
                  }
                },
                "DisplayCollectionName": {
                  "type": "object",
                  "properties": {
                    "LocalizedLabels": {
                      "type": [
                        "array",
                        "null"
                      ],
                      "items": {
                        "type": "object",
                        "properties": {
                          "Label": {
                            "type": [
                              "string",
                              "null"
                            ]
                          },
                          "LanguageCode": {
                            "type": [
                              "integer",
                              "null"
                            ]
                          },
                          "IsManaged": {
                            "type": [
                              "boolean",
                              "null"
                            ]
                          },
                          "HasChanged": {}
                        },
                        "required": []
                      }
                    },
                    "UserLocalizedLabel": {
                      "type": "object",
                      "properties": {
                        "Label": {
                          "type": [
                            "string",
                            "null"
                          ]
                        },
                        "LanguageCode": {
                          "type": [
                            "integer",
                            "null"
                          ]
                        },
                        "IsManaged": {
                          "type": [
                            "boolean",
                            "null"
                          ]
                        },
                        "HasChanged": {}
                      }
                    }
                  }
                },
                "DisplayName": {
                  "type": "object",
                  "properties": {
                    "LocalizedLabels": {
                      "type": [
                        "array",
                        "null"
                      ],
                      "items": {
                        "type": "object",
                        "properties": {
                          "Label": {
                            "type": [
                              "string",
                              "null"
                            ]
                          },
                          "LanguageCode": {
                            "type": [
                              "integer",
                              "null"
                            ]
                          },
                          "IsManaged": {
                            "type": [
                              "boolean",
                              "null"
                            ]
                          },
                          "HasChanged": {}
                        },
                        "required": []
                      }
                    },
                    "UserLocalizedLabel": {
                      "type": "object",
                      "properties": {
                        "Label": {
                          "type": [
                            "string",
                            "null"
                          ]
                        },
                        "LanguageCode": {
                          "type": [
                            "integer",
                            "null"
                          ]
                        },
                        "IsManaged": {
                          "type": [
                            "boolean",
                            "null"
                          ]
                        },
                        "HasChanged": {}
                      }
                    }
                  }
                },
                "IsAuditEnabled": {
                  "type": "object",
                  "properties": {
                    "Value": {
                      "type": [
                        "boolean",
                        "null"
                      ]
                    },
                    "CanBeChanged": {
                      "type": [
                        "boolean",
                        "null"
                      ]
                    },
                    "ManagedPropertyLogicalName": {
                      "type": [
                        "string",
                        "null"
                      ]
                    }
                  }
                },
                "IsValidForQueue": {
                  "type": "object",
                  "properties": {
                    "Value": {
                      "type": [
                        "boolean",
                        "null"
                      ]
                    },
                    "CanBeChanged": {
                      "type": [
                        "boolean",
                        "null"
                      ]
                    },
                    "ManagedPropertyLogicalName": {
                      "type": [
                        "string",
                        "null"
                      ]
                    }
                  }
                },
                "IsConnectionsEnabled": {
                  "type": "object",
                  "properties": {
                    "Value": {
                      "type": [
                        "boolean",
                        "null"
                      ]
                    },
                    "CanBeChanged": {
                      "type": [
                        "boolean",
                        "null"
                      ]
                    },
                    "ManagedPropertyLogicalName": {
                      "type": [
                        "string",
                        "null"
                      ]
                    }
                  }
                },
                "IsCustomizable": {
                  "type": "object",
                  "properties": {
                    "Value": {
                      "type": [
                        "boolean",
                        "null"
                      ]
                    },
                    "CanBeChanged": {
                      "type": [
                        "boolean",
                        "null"
                      ]
                    },
                    "ManagedPropertyLogicalName": {
                      "type": [
                        "string",
                        "null"
                      ]
                    }
                  }
                },
                "IsRenameable": {
                  "type": "object",
                  "properties": {
                    "Value": {
                      "type": [
                        "boolean",
                        "null"
                      ]
                    },
                    "CanBeChanged": {
                      "type": [
                        "boolean",
                        "null"
                      ]
                    },
                    "ManagedPropertyLogicalName": {
                      "type": [
                        "string",
                        "null"
                      ]
                    }
                  }
                },
                "IsMappable": {
                  "type": "object",
                  "properties": {
                    "Value": {
                      "type": [
                        "boolean",
                        "null"
                      ]
                    },
                    "CanBeChanged": {
                      "type": [
                        "boolean",
                        "null"
                      ]
                    },
                    "ManagedPropertyLogicalName": {
                      "type": [
                        "string",
                        "null"
                      ]
                    }
                  }
                },
                "IsDuplicateDetectionEnabled": {
                  "type": "object",
                  "properties": {
                    "Value": {
                      "type": [
                        "boolean",
                        "null"
                      ]
                    },
                    "CanBeChanged": {
                      "type": [
                        "boolean",
                        "null"
                      ]
                    },
                    "ManagedPropertyLogicalName": {
                      "type": [
                        "string",
                        "null"
                      ]
                    }
                  }
                },
                "CanCreateAttributes": {
                  "type": "object",
                  "properties": {
                    "Value": {
                      "type": [
                        "boolean",
                        "null"
                      ]
                    },
                    "CanBeChanged": {
                      "type": [
                        "boolean",
                        "null"
                      ]
                    },
                    "ManagedPropertyLogicalName": {
                      "type": [
                        "string",
                        "null"
                      ]
                    }
                  }
                },
                "CanCreateForms": {
                  "type": "object",
                  "properties": {
                    "Value": {
                      "type": [
                        "boolean",
                        "null"
                      ]
                    },
                    "CanBeChanged": {
                      "type": [
                        "boolean",
                        "null"
                      ]
                    },
                    "ManagedPropertyLogicalName": {
                      "type": [
                        "string",
                        "null"
                      ]
                    }
                  }
                },
                "CanCreateViews": {
                  "type": "object",
                  "properties": {
                    "Value": {
                      "type": [
                        "boolean",
                        "null"
                      ]
                    },
                    "CanBeChanged": {
                      "type": [
                        "boolean",
                        "null"
                      ]
                    },
                    "ManagedPropertyLogicalName": {
                      "type": [
                        "string",
                        "null"
                      ]
                    }
                  }
                },
                "CanCreateCharts": {
                  "type": "object",
                  "properties": {
                    "Value": {
                      "type": [
                        "boolean",
                        "null"
                      ]
                    },
                    "CanBeChanged": {
                      "type": [
                        "boolean",
                        "null"
                      ]
                    },
                    "ManagedPropertyLogicalName": {
                      "type": [
                        "string",
                        "null"
                      ]
                    }
                  }
                },
                "CanBeRelatedEntityInRelationship": {
                  "type": "object",
                  "properties": {
                    "Value": {
                      "type": [
                        "boolean",
                        "null"
                      ]
                    },
                    "CanBeChanged": {
                      "type": [
                        "boolean",
                        "null"
                      ]
                    },
                    "ManagedPropertyLogicalName": {
                      "type": [
                        "string",
                        "null"
                      ]
                    }
                  }
                },
                "CanBePrimaryEntityInRelationship": {
                  "type": "object",
                  "properties": {
                    "Value": {
                      "type": [
                        "boolean",
                        "null"
                      ]
                    },
                    "CanBeChanged": {
                      "type": [
                        "boolean",
                        "null"
                      ]
                    },
                    "ManagedPropertyLogicalName": {
                      "type": [
                        "string",
                        "null"
                      ]
                    }
                  }
                },
                "CanBeInManyToMany": {
                  "type": "object",
                  "properties": {
                    "Value": {
                      "type": [
                        "boolean",
                        "null"
                      ]
                    },
                    "CanBeChanged": {
                      "type": [
                        "boolean",
                        "null"
                      ]
                    },
                    "ManagedPropertyLogicalName": {
                      "type": [
                        "string",
                        "null"
                      ]
                    }
                  }
                },
                "CanBeInCustomEntityAssociation": {
                  "type": "object",
                  "properties": {
                    "Value": {
                      "type": [
                        "boolean",
                        "null"
                      ]
                    },
                    "CanBeChanged": {
                      "type": [
                        "boolean",
                        "null"
                      ]
                    },
                    "ManagedPropertyLogicalName": {
                      "type": [
                        "string",
                        "null"
                      ]
                    }
                  }
                },
                "CanEnableSyncToExternalSearchIndex": {
                  "type": "object",
                  "properties": {
                    "Value": {
                      "type": [
                        "boolean",
                        "null"
                      ]
                    },
                    "CanBeChanged": {
                      "type": [
                        "boolean",
                        "null"
                      ]
                    },
                    "ManagedPropertyLogicalName": {
                      "type": [
                        "string",
                        "null"
                      ]
                    }
                  }
                },
                "CanModifyAdditionalSettings": {
                  "type": "object",
                  "properties": {
                    "Value": {
                      "type": [
                        "boolean",
                        "null"
                      ]
                    },
                    "CanBeChanged": {
                      "type": [
                        "boolean",
                        "null"
                      ]
                    },
                    "ManagedPropertyLogicalName": {
                      "type": [
                        "string",
                        "null"
                      ]
                    }
                  }
                },
                "CanChangeHierarchicalRelationship": {
                  "type": "object",
                  "properties": {
                    "Value": {
                      "type": [
                        "boolean",
                        "null"
                      ]
                    },
                    "CanBeChanged": {
                      "type": [
                        "boolean",
                        "null"
                      ]
                    },
                    "ManagedPropertyLogicalName": {
                      "type": [
                        "string",
                        "null"
                      ]
                    }
                  }
                },
                "CanChangeTrackingBeEnabled": {
                  "type": "object",
                  "properties": {
                    "Value": {
                      "type": [
                        "boolean",
                        "null"
                      ]
                    },
                    "CanBeChanged": {
                      "type": [
                        "boolean",
                        "null"
                      ]
                    },
                    "ManagedPropertyLogicalName": {
                      "type": [
                        "string",
                        "null"
                      ]
                    }
                  }
                },
                "IsMailMergeEnabled": {
                  "type": "object",
                  "properties": {
                    "Value": {
                      "type": [
                        "boolean",
                        "null"
                      ]
                    },
                    "CanBeChanged": {
                      "type": [
                        "boolean",
                        "null"
                      ]
                    },
                    "ManagedPropertyLogicalName": {
                      "type": [
                        "string",
                        "null"
                      ]
                    }
                  }
                },
                "IsVisibleInMobile": {
                  "type": "object",
                  "properties": {
                    "Value": {
                      "type": [
                        "boolean",
                        "null"
                      ]
                    },
                    "CanBeChanged": {
                      "type": [
                        "boolean",
                        "null"
                      ]
                    },
                    "ManagedPropertyLogicalName": {
                      "type": [
                        "string",
                        "null"
                      ]
                    }
                  }
                },
                "IsVisibleInMobileClient": {
                  "type": "object",
                  "properties": {
                    "Value": {
                      "type": [
                        "boolean",
                        "null"
                      ]
                    },
                    "CanBeChanged": {
                      "type": [
                        "boolean",
                        "null"
                      ]
                    },
                    "ManagedPropertyLogicalName": {
                      "type": [
                        "string",
                        "null"
                      ]
                    }
                  }
                },
                "IsReadOnlyInMobileClient": {
                  "type": "object",
                  "properties": {
                    "Value": {
                      "type": [
                        "boolean",
                        "null"
                      ]
                    },
                    "CanBeChanged": {
                      "type": [
                        "boolean",
                        "null"
                      ]
                    },
                    "ManagedPropertyLogicalName": {
                      "type": [
                        "string",
                        "null"
                      ]
                    }
                  }
                },
                "IsOfflineInMobileClient": {
                  "type": "object",
                  "properties": {
                    "Value": {
                      "type": [
                        "boolean",
                        "null"
                      ]
                    },
                    "CanBeChanged": {
                      "type": [
                        "boolean",
                        "null"
                      ]
                    },
                    "ManagedPropertyLogicalName": {
                      "type": [
                        "string",
                        "null"
                      ]
                    }
                  }
                },
                "Privileges": {
                  "type": [
                    "array",
                    "null"
                  ],
                  "items": {
                    "type": "object",
                    "properties": {
                      "CanBeBasic": {
                        "type": [
                          "boolean",
                          "null"
                        ]
                      },
                      "CanBeDeep": {
                        "type": [
                          "boolean",
                          "null"
                        ]
                      },
                      "CanBeGlobal": {
                        "type": [
                          "boolean",
                          "null"
                        ]
                      },
                      "CanBeLocal": {
                        "type": [
                          "boolean",
                          "null"
                        ]
                      },
                      "CanBeEntityReference": {
                        "type": [
                          "boolean",
                          "null"
                        ]
                      },
                      "CanBeParentEntityReference": {
                        "type": [
                          "boolean",
                          "null"
                        ]
                      },
                      "CanBeRecordFilter": {
                        "type": [
                          "boolean",
                          "null"
                        ]
                      },
                      "Name": {
                        "type": [
                          "string",
                          "null"
                        ]
                      },
                      "PrivilegeId": {
                        "type": [
                          "string",
                          "null"
                        ]
                      },
                      "PrivilegeType": {
                        "type": [
                          "string",
                          "null"
                        ]
                      }
                    },
                    "required": []
                  }
                },
                "Settings": {
                  "type": [
                    "array",
                    "null"
                  ]
                }
              }
            }
          },
          "runAfter": {
            "元テーブル定義の取得": [
              "Succeeded"
            ]
          }
        },
        "元テーブル列定義の解析": {
          "type": "ParseJson",
          "inputs": {
            "content": "@body('元テーブル列定義を取得する')",
            "schema": {
              "type": "object",
              "properties": {
                "@@odata.context": {
                  "type": [
                    "string",
                    "null"
                  ]
                },
                "value": {
                  "type": [
                    "array",
                    "null"
                  ],
                  "items": {
                    "type": [
                      "object",
                      "null"
                    ],
                    "properties": {
                      "@@odata.type": {
                        "type": [
                          "string",
                          "null"
                        ]
                      },
                      "Targets": {
                        "type": [
                          "array",
                          "null"
                        ],
                        "items": {
                          "type": [
                            "string",
                            "null"
                          ]
                        }
                      },
                      "Format": {
                        "type": [
                          "string",
                          "null"
                        ]
                      },
                      "AttributeOf": {},
                      "AttributeType": {
                        "type": [
                          "string",
                          "null"
                        ]
                      },
                      "ColumnNumber": {
                        "type": [
                          "integer",
                          "null"
                        ]
                      },
                      "DeprecatedVersion": {},
                      "IntroducedVersion": {
                        "type": [
                          "string",
                          "null"
                        ]
                      },
                      "EntityLogicalName": {
                        "type": [
                          "string",
                          "null"
                        ]
                      },
                      "IsCustomAttribute": {
                        "type": [
                          "boolean",
                          "null"
                        ]
                      },
                      "IsPrimaryId": {
                        "type": [
                          "boolean",
                          "null"
                        ]
                      },
                      "IsValidODataAttribute": {
                        "type": [
                          "boolean",
                          "null"
                        ]
                      },
                      "IsPrimaryName": {
                        "type": [
                          "boolean",
                          "null"
                        ]
                      },
                      "IsValidForCreate": {
                        "type": [
                          "boolean",
                          "null"
                        ]
                      },
                      "IsValidForRead": {
                        "type": [
                          "boolean",
                          "null"
                        ]
                      },
                      "IsValidForUpdate": {
                        "type": [
                          "boolean",
                          "null"
                        ]
                      },
                      "CanBeSecuredForRead": {
                        "type": [
                          "boolean",
                          "null"
                        ]
                      },
                      "CanBeSecuredForCreate": {
                        "type": [
                          "boolean",
                          "null"
                        ]
                      },
                      "CanBeSecuredForUpdate": {
                        "type": [
                          "boolean",
                          "null"
                        ]
                      },
                      "IsSecured": {
                        "type": [
                          "boolean",
                          "null"
                        ]
                      },
                      "IsRetrievable": {
                        "type": [
                          "boolean",
                          "null"
                        ]
                      },
                      "IsFilterable": {
                        "type": [
                          "boolean",
                          "null"
                        ]
                      },
                      "IsSearchable": {
                        "type": [
                          "boolean",
                          "null"
                        ]
                      },
                      "IsManaged": {
                        "type": [
                          "boolean",
                          "null"
                        ]
                      },
                      "LinkedAttributeId": {},
                      "LogicalName": {
                        "type": [
                          "string",
                          "null"
                        ]
                      },
                      "IsValidForForm": {
                        "type": [
                          "boolean",
                          "null"
                        ]
                      },
                      "IsRequiredForForm": {
                        "type": [
                          "boolean",
                          "null"
                        ]
                      },
                      "IsValidForGrid": {
                        "type": [
                          "boolean",
                          "null"
                        ]
                      },
                      "SchemaName": {
                        "type": [
                          "string",
                          "null"
                        ]
                      },
                      "ExternalName": {},
                      "IsLogical": {
                        "type": [
                          "boolean",
                          "null"
                        ]
                      },
                      "IsDataSourceSecret": {
                        "type": [
                          "boolean",
                          "null"
                        ]
                      },
                      "InheritsFrom": {},
                      "CreatedOn": {
                        "type": [
                          "string",
                          "null"
                        ]
                      },
                      "ModifiedOn": {
                        "type": [
                          "string",
                          "null"
                        ]
                      },
                      "SourceType": {},
                      "AutoNumberFormat": {},
                      "HasChanged": {},
                      "AttributeTypeName": {
                        "type": [
                          "object",
                          "null"
                        ],
                        "properties": {
                          "Value": {
                            "type": [
                              "string",
                              "null"
                            ]
                          }
                        }
                      },
                      "Description": {
                        "type": [
                          "object",
                          "null"
                        ],
                        "properties": {
                          "LocalizedLabels": {
                            "type": [
                              "array",
                              "null"
                            ],
                            "items": {
                              "type": [
                                "object",
                                "null"
                              ],
                              "properties": {
                                "Label": {
                                  "type": [
                                    "string",
                                    "null"
                                  ]
                                },
                                "LanguageCode": {
                                  "type": [
                                    "integer",
                                    "null"
                                  ]
                                },
                                "IsManaged": {
                                  "type": [
                                    "boolean",
                                    "null"
                                  ]
                                },
                                "HasChanged": {}
                              },
                              "required": []
                            }
                          },
                          "UserLocalizedLabel": {
                            "type": [
                              "object",
                              "null"
                            ],
                            "properties": {
                              "Label": {
                                "type": [
                                  "string",
                                  "null"
                                ]
                              },
                              "LanguageCode": {
                                "type": [
                                  "integer",
                                  "null"
                                ]
                              },
                              "IsManaged": {
                                "type": [
                                  "boolean",
                                  "null"
                                ]
                              },
                              "HasChanged": {}
                            }
                          }
                        }
                      },
                      "DisplayName": {
                        "type": [
                          "object",
                          "null"
                        ],
                        "properties": {
                          "LocalizedLabels": {
                            "type": [
                              "array",
                              "null"
                            ],
                            "items": {
                              "type": [
                                "object",
                                "null"
                              ],
                              "properties": {
                                "Label": {
                                  "type": [
                                    "string",
                                    "null"
                                  ]
                                },
                                "LanguageCode": {
                                  "type": [
                                    "integer",
                                    "null"
                                  ]
                                },
                                "IsManaged": {
                                  "type": [
                                    "boolean",
                                    "null"
                                  ]
                                },
                                "HasChanged": {}
                              },
                              "required": []
                            }
                          },
                          "UserLocalizedLabel": {
                            "type": [
                              "object",
                              "null"
                            ],
                            "properties": {
                              "Label": {
                                "type": [
                                  "string",
                                  "null"
                                ]
                              },
                              "LanguageCode": {
                                "type": [
                                  "integer",
                                  "null"
                                ]
                              },
                              "IsManaged": {
                                "type": [
                                  "boolean",
                                  "null"
                                ]
                              },
                              "HasChanged": {}
                            }
                          }
                        }
                      },
                      "IsAuditEnabled": {
                        "type": [
                          "object",
                          "null"
                        ],
                        "properties": {
                          "Value": {
                            "type": [
                              "boolean",
                              "null"
                            ]
                          },
                          "CanBeChanged": {
                            "type": [
                              "boolean",
                              "null"
                            ]
                          },
                          "ManagedPropertyLogicalName": {
                            "type": [
                              "string",
                              "null"
                            ]
                          }
                        }
                      },
                      "IsGlobalFilterEnabled": {
                        "type": [
                          "object",
                          "null"
                        ],
                        "properties": {
                          "Value": {
                            "type": [
                              "boolean",
                              "null"
                            ]
                          },
                          "CanBeChanged": {
                            "type": [
                              "boolean",
                              "null"
                            ]
                          },
                          "ManagedPropertyLogicalName": {
                            "type": [
                              "string",
                              "null"
                            ]
                          }
                        }
                      },
                      "IsSortableEnabled": {
                        "type": [
                          "object",
                          "null"
                        ],
                        "properties": {
                          "Value": {
                            "type": [
                              "boolean",
                              "null"
                            ]
                          },
                          "CanBeChanged": {
                            "type": [
                              "boolean",
                              "null"
                            ]
                          },
                          "ManagedPropertyLogicalName": {
                            "type": [
                              "string",
                              "null"
                            ]
                          }
                        }
                      },
                      "IsCustomizable": {
                        "type": [
                          "object",
                          "null"
                        ],
                        "properties": {
                          "Value": {
                            "type": [
                              "boolean",
                              "null"
                            ]
                          },
                          "CanBeChanged": {
                            "type": [
                              "boolean",
                              "null"
                            ]
                          },
                          "ManagedPropertyLogicalName": {
                            "type": [
                              "string",
                              "null"
                            ]
                          }
                        }
                      },
                      "IsRenameable": {
                        "type": [
                          "object",
                          "null"
                        ],
                        "properties": {
                          "Value": {
                            "type": [
                              "boolean",
                              "null"
                            ]
                          },
                          "CanBeChanged": {
                            "type": [
                              "boolean",
                              "null"
                            ]
                          },
                          "ManagedPropertyLogicalName": {
                            "type": [
                              "string",
                              "null"
                            ]
                          }
                        }
                      },
                      "IsValidForAdvancedFind": {
                        "type": [
                          "object",
                          "null"
                        ],
                        "properties": {
                          "Value": {
                            "type": [
                              "boolean",
                              "null"
                            ]
                          },
                          "CanBeChanged": {
                            "type": [
                              "boolean",
                              "null"
                            ]
                          },
                          "ManagedPropertyLogicalName": {
                            "type": [
                              "string",
                              "null"
                            ]
                          }
                        }
                      },
                      "RequiredLevel": {
                        "type": [
                          "object",
                          "null"
                        ],
                        "properties": {
                          "Value": {
                            "type": [
                              "string",
                              "null"
                            ]
                          },
                          "CanBeChanged": {
                            "type": [
                              "boolean",
                              "null"
                            ]
                          },
                          "ManagedPropertyLogicalName": {
                            "type": [
                              "string",
                              "null"
                            ]
                          }
                        }
                      },
                      "CanModifyAdditionalSettings": {
                        "type": [
                          "object",
                          "null"
                        ],
                        "properties": {
                          "Value": {
                            "type": [
                              "boolean",
                              "null"
                            ]
                          },
                          "CanBeChanged": {
                            "type": [
                              "boolean",
                              "null"
                            ]
                          },
                          "ManagedPropertyLogicalName": {
                            "type": [
                              "string",
                              "null"
                            ]
                          }
                        }
                      },
                      "Settings": {
                        "type": [
                          "array",
                          "null"
                        ]
                      },
                      "ImeMode": {
                        "type": [
                          "string",
                          "null"
                        ]
                      },
                      "MaxLength": {
                        "type": [
                          "integer",
                          "null"
                        ]
                      },
                      "YomiOf": {},
                      "IsLocalizable": {
                        "type": [
                          "boolean",
                          "null"
                        ]
                      },
                      "DatabaseLength": {
                        "type": [
                          "integer",
                          "null"
                        ]
                      },
                      "FormulaDefinition": {
                        "type": [
                          "string",
                          "null"
                        ]
                      },
                      "SourceTypeMask": {
                        "type": [
                          "integer",
                          "null"
                        ]
                      },
                      "FormatName": {
                        "type": [
                          "object",
                          "null"
                        ],
                        "properties": {
                          "Value": {
                            "type": [
                              "string",
                              "null"
                            ]
                          }
                        }
                      },
                      "MinSupportedValue": {
                        "type": [
                          "string",
                          "null"
                        ]
                      },
                      "MaxSupportedValue": {
                        "type": [
                          "string",
                          "null"
                        ]
                      },
                      "DateTimeBehavior": {
                        "type": [
                          "object",
                          "null"
                        ],
                        "properties": {
                          "Value": {
                            "type": [
                              "string",
                              "null"
                            ]
                          }
                        }
                      },
                      "CanChangeDateTimeBehavior": {
                        "type": [
                          "object",
                          "null"
                        ],
                        "properties": {
                          "Value": {
                            "type": [
                              "boolean",
                              "null"
                            ]
                          },
                          "CanBeChanged": {
                            "type": [
                              "boolean",
                              "null"
                            ]
                          },
                          "ManagedPropertyLogicalName": {
                            "type": [
                              "string",
                              "null"
                            ]
                          }
                        }
                      }
                    },
                    "required": []
                  }
                }
              }
            }
          },
          "runAfter": {
            "元テーブル列定義を取得する": [
              "Succeeded"
            ]
          }
        },
        "元テーブル定義ID除去": {
          "type": "InitializeVariable",
          "description": "removeProperty(json(replace(replace(replace(replace(string(body('元テーブル定義の解析')), variables('名')?['元ス複'], variables('名')?['先ス複']), variables('名')?['元ス'], variables('名')?['先ス']), variables('名')?['元論複'], variables('名')?['先論複']), variables('名')?['元論'], variable",
          "inputs": {
            "variables": [
              {
                "name": "テーブル定義",
                "type": "object",
                "value": "@removeProperty(json(replace(replace(replace(replace(string(body('元テーブル定義の解析')), variables('名')?['元ス複'], variables('名')?['先ス複']), variables('名')?['元ス'], variables('名')?['先ス']), variables('名')?['元論複'], variables('名')?['先論複']), variables('名')?['元論'], variables('名')?['先論'])), 'MetadataId')"
              }
            ]
          },
          "runAfter": {
            "元テーブル列定義の解析": [
              "Succeeded"
            ]
          }
        },
        "For_each": {
          "type": "Foreach",
          "description": "outputs('プライマリ名の列の配列')['body']",
          "foreach": "@outputs('プライマリ名の列の配列')['body']",
          "actions": {
            "プライマリ名の列の配列に追加": {
              "type": "AppendToArrayVariable",
              "description": "removeProperty(item(), 'MetadataId')",
              "inputs": {
                "name": "プライマリ名の列の配列",
                "value": "@removeProperty(item(), 'MetadataId')"
              }
            }
          },
          "runAfter": {
            "プライマリ名の列の配列ID除去": [
              "Succeeded"
            ]
          }
        },
        "プライマリ名の列の配列ID除去": {
          "type": "InitializeVariable",
          "inputs": {
            "variables": [
              {
                "name": "プライマリ名の列の配列",
                "type": "array"
              }
            ]
          },
          "runAfter": {
            "プライマリ名の列の配列": [
              "Succeeded"
            ]
          }
        },
        "マージド": {
          "type": "InitializeVariable",
          "description": "addProperty(variables('テーブル定義'), 'Attributes',variables('プライマリ名の列の配列'))",
          "inputs": {
            "variables": [
              {
                "name": "マージド",
                "type": "object",
                "value": "@addProperty(variables('テーブル定義'), 'Attributes',variables('プライマリ名の列の配列'))"
              }
            ]
          },
          "runAfter": {
            "For_each": [
              "Succeeded"
            ]
          },
          "metadata": {
            "operationMetadataId": "7f709983-dd8c-44e6-b9cb-4e7881814187"
          }
        }
      }
    },
    "templateName": null
  },
  "schemaVersion": "1.0.0.0"
}