{
  "properties": {
    "connectionReferences": {
      "shared_commondataserviceforapps": {
        "api": {
          "name": "shared_commondataserviceforapps"
        },
        "connection": {
          "connectionReferenceLogicalName": "ya_sharedcommondataserviceforapps_b908e"
        },
        "runtimeSource": "embedded"
      }
    },
    "definition": {
      "$schema": "https://schema.management.azure.com/providers/Microsoft.Logic/schemas/2016-06-01/workflowdefinition.json#",
      "contentVersion": "1.0.0.0",
      "parameters": {
        "$authentication": {
          "defaultValue": {},
          "type": "SecureObject"
        },
        "$connections": {
          "defaultValue": {},
          "type": "Object"
        }
      },
      "triggers": {
        "繰り返し": {
          "type": "Recurrence",
          "recurrence": {
            "frequency": "Day",
            "interval": 1
          },
          "metadata": {
            "operationMetadataId": "9919e9d9-8746-4e7d-8315-52dbfda5644f"
          }
        }
      },
      "actions": {
        "削除対象テーブルを定義する": {
          "type": "InitializeVariable",
          "description": "レコードを削除するテーブルのLogicalCollectionName（英数小文字・複数形）を列挙する",
          "inputs": {
            "variables": [
              {
                "name": "Tables",
                "type": "array",
                "value": [
                  {
                    "Name": "ya_tables",
                    "ID": "ya_tableid"
                  },
                  {
                    "Name": "ya_newtables",
                    "ID": "ya_newtableid"
                  }
                ]
              }
            ]
          },
          "runAfter": {},
          "metadata": {
            "operationMetadataId": "4ba31f03-6b6e-4c75-8382-e49ec0fc5cbb"
          }
        },
        "削除基準日時": {
          "type": "Expression",
          "kind": "SubtractFromTime",
          "inputs": {
            "baseTime": "@body('現在の時刻')",
            "interval": 2,
            "timeUnit": "Day"
          },
          "runAfter": {
            "現在の時刻": [
              "Succeeded"
            ]
          },
          "metadata": {
            "operationMetadataId": "cb304ac0-0ebe-4504-a01d-814f79786a48"
          }
        },
        "現在の時刻": {
          "type": "Expression",
          "kind": "CurrentTime",
          "inputs": {},
          "runAfter": {
            "削除対象テーブルを定義する": [
              "Succeeded"
            ]
          },
          "metadata": {
            "operationMetadataId": "c10138d8-95be-4837-915b-076ba45fe68c"
          }
        },
        "削除対象テーブルごとに処理する": {
          "type": "Foreach",
          "foreach": "@variables('Tables')",
          "actions": {
            "レコード数が0になるまで": {
              "type": "Until",
              "expression": "@equals(variables('IsFinished'), false)",
              "limit": {
                "count": 2,
                "timeout": "P28D"
              },
              "actions": {
                "IsFinishedの設定": {
                  "type": "SetVariable",
                  "description": "equals(length(outputs('削除対象テーブルの行をカウントするために取得する')?['body/value']), 0)",
                  "inputs": {
                    "name": "IsFinished",
                    "value": "@equals(length(outputs('削除対象テーブルの行をカウントするために取得する')?['body/value']), 0)"
                  },
                  "runAfter": {
                    "削除対象テーブルの行をカウントするために取得する": [
                      "Succeeded"
                    ]
                  },
                  "metadata": {
                    "operationMetadataId": "797e5463-0514-4e7d-bfcd-67d88a135fa0"
                  }
                },
                "削除対象テーブルの行を一覧にする": {
                  "type": "OpenApiConnection",
                  "inputs": {
                    "parameters": {
                      "entityName": "@body('TargetTable')?['Name']",
                      "$filter": "createdon lt '@{body('削除基準日時')}'"
                    },
                    "host": {
                      "apiId": "/providers/Microsoft.PowerApps/apis/shared_commondataserviceforapps",
                      "operationId": "ListRecords",
                      "connectionName": "shared_commondataserviceforapps"
                    }
                  },
                  "metadata": {
                    "operationMetadataId": "420f6aa3-d089-4ba6-8f99-3a34f3404219"
                  }
                },
                "削除対象テーブルの行をカウントするために取得する": {
                  "type": "OpenApiConnection",
                  "inputs": {
                    "parameters": {
                      "entityName": "@body('TargetTable')?['Name']",
                      "$filter": "createdon lt '@{body('削除基準日時')}'",
                      "$top": 1
                    },
                    "host": {
                      "apiId": "/providers/Microsoft.PowerApps/apis/shared_commondataserviceforapps",
                      "operationId": "ListRecords",
                      "connectionName": "shared_commondataserviceforapps"
                    }
                  },
                  "runAfter": {
                    "削除対象レコードごとに処理する": [
                      "SUCCEEDED"
                    ]
                  },
                  "metadata": {
                    "operationMetadataId": "420f6aa3-d089-4ba6-8f99-3a34f3404219"
                  }
                },
                "削除対象レコードごとに処理する": {
                  "type": "Foreach",
                  "foreach": "@outputs('削除対象テーブルの行を一覧にする')?['body/value']",
                  "actions": {
                    "行を削除する": {
                      "type": "OpenApiConnection",
                      "inputs": {
                        "parameters": {
                          "entityName": "@body('TargetTable')?['Name']",
                          "recordId": "@outputs('TargetRecord')"
                        },
                        "host": {
                          "apiId": "/providers/Microsoft.PowerApps/apis/shared_commondataserviceforapps",
                          "operationId": "DeleteRecord",
                          "connectionName": "shared_commondataserviceforapps"
                        }
                      },
                      "runAfter": {
                        "TargetRecord": [
                          "SUCCEEDED"
                        ]
                      }
                    },
                    "TargetRecord": {
                      "type": "Compose",
                      "inputs": "@items('削除対象レコードごとに処理する')?[body('TargetTable')?['ID']]"
                    }
                  },
                  "runAfter": {
                    "削除対象テーブルの行を一覧にする": [
                      "SUCCEEDED"
                    ]
                  }
                }
              },
              "runAfter": {
                "TargetTable": [
                  "SUCCEEDED"
                ]
              },
              "metadata": {
                "operationMetadataId": "a81dcfc4-832c-4a0d-91fa-a7696fbc1bd6"
              }
            },
            "TargetTable": {
              "type": "ParseJson",
              "inputs": {
                "content": "@items('削除対象テーブルごとに処理する')",
                "schema": {
                  "type": "object",
                  "properties": {
                    "Name": {
                      "type": "string"
                    },
                    "ID": {
                      "type": "string"
                    }
                  }
                }
              }
            }
          },
          "runAfter": {
            "IsFinishedを初期化する": [
              "Succeeded"
            ]
          },
          "metadata": {
            "operationMetadataId": "cee6b318-14fc-4f0a-89b5-c3acaf7ac15d"
          }
        },
        "IsFinishedを初期化する": {
          "type": "InitializeVariable",
          "inputs": {
            "variables": [
              {
                "name": "IsFinished",
                "type": "boolean",
                "value": "@false"
              }
            ]
          },
          "runAfter": {
            "削除基準日時": [
              "Succeeded"
            ]
          },
          "metadata": {
            "operationMetadataId": "d214a0d8-ca8b-46d1-812e-799baee89a1c"
          }
        }
      }
    },
    "templateName": null
  },
  "schemaVersion": "1.0.0.0"
}