{
  "properties": {
    "connectionReferences": {
      "shared_commondataserviceforapps-1": {
        "api": {
          "name": "shared_commondataserviceforapps"
        },
        "connection": {
          "connectionReferenceLogicalName": "ya_sharedcommondataserviceforapps_216f1"
        },
        "runtimeSource": "embedded"
      },
      "shared_webcontents": {
        "api": {
          "name": "shared_webcontents"
        },
        "connection": {
          "connectionReferenceLogicalName": "ya_sharedwebcontents_2c51d"
        },
        "runtimeSource": "invoker"
      }
    },
    "definition": {
      "$schema": "https://schema.management.azure.com/providers/Microsoft.Logic/schemas/2016-06-01/workflowdefinition.json#",
      "contentVersion": "1.0.0.0",
      "parameters": {
        "$authentication": {
          "defaultValue": {},
          "type": "SecureObject"
        },
        "$connections": {
          "defaultValue": {},
          "type": "Object"
        }
      },
      "triggers": {
        "manual": {
          "type": "Request",
          "kind": "Button",
          "inputs": {
            "schema": {
              "type": "object",
              "properties": {},
              "required": []
            }
          },
          "metadata": {
            "operationMetadataId": "31f5c8f4-0799-4ef3-9d6c-78d4d540eab0"
          }
        }
      },
      "actions": {
        "削除対象テーブルを定義する": {
          "type": "InitializeVariable",
          "description": "レコードを削除するテーブルのLogicalCollectionName（英数小文字・複数形）を列挙する",
          "inputs": {
            "variables": [
              {
                "name": "Tables",
                "type": "array",
                "value": [
                  {
                    "Name": "ya_tables",
                    "ID": "ya_tableid"
                  },
                  {
                    "Name": "ya_newtables",
                    "ID": "ya_newtableid"
                  }
                ]
              }
            ]
          },
          "runAfter": {},
          "metadata": {
            "operationMetadataId": "4ba31f03-6b6e-4c75-8382-e49ec0fc5cbb"
          }
        },
        "現在の時刻": {
          "type": "Expression",
          "kind": "CurrentTime",
          "inputs": {},
          "runAfter": {
            "削除対象テーブルを定義する": [
              "Succeeded"
            ]
          },
          "metadata": {
            "operationMetadataId": "c10138d8-95be-4837-915b-076ba45fe68c"
          }
        },
        "削除基準日時": {
          "type": "Expression",
          "kind": "SubtractFromTime",
          "inputs": {
            "baseTime": "@body('現在の時刻')",
            "interval": 2,
            "timeUnit": "Hour"
          },
          "runAfter": {
            "現在の時刻": [
              "Succeeded"
            ]
          },
          "metadata": {
            "operationMetadataId": "cb304ac0-0ebe-4504-a01d-814f79786a48"
          }
        },
        "IsFinishedを初期化する": {
          "type": "InitializeVariable",
          "inputs": {
            "variables": [
              {
                "name": "IsFinished",
                "type": "boolean",
                "value": "@false"
              }
            ]
          },
          "runAfter": {
            "NewLineを初期化する": [
              "Succeeded"
            ]
          },
          "metadata": {
            "operationMetadataId": "d214a0d8-ca8b-46d1-812e-799baee89a1c"
          }
        },
        "削除対象テーブルごとに処理する": {
          "type": "Foreach",
          "foreach": "@variables('Tables')",
          "actions": {
            "TargetTable": {
              "type": "ParseJson",
              "inputs": {
                "content": "@items('削除対象テーブルごとに処理する')",
                "schema": {
                  "type": "object",
                  "properties": {
                    "Name": {
                      "type": "string"
                    },
                    "ID": {
                      "type": "string"
                    }
                  }
                }
              }
            },
            "レコード数が0になるまで": {
              "type": "Until",
              "expression": "@equals(variables('IsFinished'), false)",
              "limit": {
                "count": 2,
                "timeout": "P28D"
              },
              "actions": {
                "IsFinishedの設定": {
                  "type": "SetVariable",
                  "description": "equals(length(outputs('削除対象テーブルの行をカウントするために取得する')?['body/value']), 0)",
                  "inputs": {
                    "name": "IsFinished",
                    "value": "@equals(length(outputs('削除対象テーブルの行をカウントするために取得する')?['body/value']), 0)"
                  },
                  "runAfter": {
                    "削除対象テーブルの行をカウントするために取得する": [
                      "Succeeded"
                    ]
                  },
                  "metadata": {
                    "operationMetadataId": "797e5463-0514-4e7d-bfcd-67d88a135fa0"
                  }
                },
                "削除対象テーブルの行を一覧にする": {
                  "type": "OpenApiConnection",
                  "inputs": {
                    "parameters": {
                      "entityName": "@body('TargetTable')?['Name']",
                      "$select": "@body('TargetTable')?['ID']",
                      "$filter": "createdon lt '@{body('削除基準日時')}'",
                      "$top": 1000
                    },
                    "host": {
                      "apiId": "/providers/Microsoft.PowerApps/apis/shared_commondataserviceforapps",
                      "operationId": "ListRecords",
                      "connectionName": "shared_commondataserviceforapps-1"
                    }
                  },
                  "metadata": {
                    "operationMetadataId": "420f6aa3-d089-4ba6-8f99-3a34f3404219"
                  }
                },
                "削除対象テーブルの行をカウントするために取得する": {
                  "type": "OpenApiConnection",
                  "inputs": {
                    "parameters": {
                      "entityName": "@body('TargetTable')?['Name']",
                      "$select": "@body('TargetTable')?['ID']",
                      "$filter": "createdon lt '@{body('削除基準日時')}'",
                      "$top": 1
                    },
                    "host": {
                      "apiId": "/providers/Microsoft.PowerApps/apis/shared_commondataserviceforapps",
                      "operationId": "ListRecords",
                      "connectionName": "shared_commondataserviceforapps-1"
                    }
                  },
                  "runAfter": {
                    "テーブルをバッチ削除する": [
                      "Succeeded"
                    ]
                  },
                  "metadata": {
                    "operationMetadataId": "420f6aa3-d089-4ba6-8f99-3a34f3404219"
                  }
                },
                "リクエスト本文changesetを作成する": {
                  "type": "Select",
                  "description": "range(0, length(outputs('行を一覧にする')?['body/value']))",
                  "inputs": {
                    "from": "@range(0, length(outputs('削除対象テーブルの行を一覧にする')?['body/value']))",
                    "select": "@concat('--changeset_', variables('ChangesetID'), variables('NewLine'), 'Content-Type: application/http', variables('NewLine'), 'Content-Transfer-Encoding:binary', variables('NewLine'), 'Content-ID: ', add(item(), 1), variables('NewLine'), variables('NewLine'), 'DELETE ', variables('OrganizationURI'), concat('/api/data/v9.2/', body('TargetTable')?['Name'], '(', outputs('削除対象テーブルの行を一覧にする')?['body/value']?[item()]?[body('TargetTable')?['ID']], ')', ' HTTP/1.1'), variables('NewLine'), 'Content-Type: application/json;type=entry')"
                  },
                  "runAfter": {
                    "削除対象テーブルの行を一覧にする": [
                      "Succeeded"
                    ]
                  },
                  "metadata": {
                    "operationMetadataId": "20407613-82d7-4091-a0ea-e329340424d8"
                  }
                },
                "リクエスト本文batchを作成する": {
                  "type": "Compose",
                  "inputs": "--batch_@{variables('BatchID')}\nContent-Type: multipart/mixed;boundary=changeset_@{variables('ChangesetID')}\n\n@{join(body('リクエスト本文changesetを作成する'), concat(variables('NewLine'), variables('NewLine')))}\n\n--changeset_@{variables('ChangesetID')}--\n--batch_@{variables('BatchID')}--",
                  "runAfter": {
                    "リクエスト本文changesetを作成する": [
                      "Succeeded"
                    ]
                  },
                  "metadata": {
                    "operationMetadataId": "469b9d5b-d2ea-40ae-b87a-d6878a0b6172"
                  }
                },
                "テーブルをバッチ削除する": {
                  "type": "OpenApiConnection",
                  "description": "https://orgfa5b0cd9.crm7.dynamics.com",
                  "inputs": {
                    "parameters": {
                      "request/method": "POST",
                      "request/url": "@{variables('OrganizationURI')}/api/data/v9.2/$batch",
                      "request/headers": {
                        "Content-Type": "multipart/mixed;boundary=batch_@{variables('BatchID')}",
                        "OData-MaxVersion": "4.0",
                        "OData-Version": "4.0",
                        "Accept": "application/json"
                      },
                      "request/body": "@outputs('リクエスト本文batchを作成する')"
                    },
                    "host": {
                      "apiId": "/providers/Microsoft.PowerApps/apis/shared_webcontents",
                      "operationId": "InvokeHttp",
                      "connectionName": "shared_webcontents"
                    }
                  },
                  "runAfter": {
                    "リクエスト本文batchを作成する": [
                      "Succeeded"
                    ]
                  },
                  "metadata": {
                    "operationMetadataId": "63154bb3-e103-46cf-b1dd-d748f024912d"
                  }
                }
              },
              "runAfter": {
                "TargetTable": [
                  "Succeeded"
                ]
              },
              "metadata": {
                "operationMetadataId": "a81dcfc4-832c-4a0d-91fa-a7696fbc1bd6"
              }
            }
          },
          "runAfter": {
            "IsFinishedを初期化する": [
              "Succeeded"
            ]
          },
          "metadata": {
            "operationMetadataId": "cee6b318-14fc-4f0a-89b5-c3acaf7ac15d"
          }
        },
        "OrganizationURIを初期化する": {
          "type": "InitializeVariable",
          "inputs": {
            "variables": [
              {
                "name": "OrganizationURI",
                "type": "string",
                "value": "https://orgfa5b0cd9.crm7.dynamics.com"
              }
            ]
          },
          "runAfter": {
            "削除基準日時": [
              "Succeeded"
            ]
          },
          "metadata": {
            "operationMetadataId": "91014e03-f641-4405-85c2-baf48ad847db"
          }
        },
        "BatchIDを初期化する": {
          "type": "InitializeVariable",
          "inputs": {
            "variables": [
              {
                "name": "BatchID",
                "type": "string",
                "value": "@{guid()}"
              }
            ]
          },
          "runAfter": {
            "OrganizationURIを初期化する": [
              "Succeeded"
            ]
          },
          "metadata": {
            "operationMetadataId": "92173d44-8c5e-4675-bdb4-bd2004c80fe4"
          }
        },
        "ChangesetIDを初期化する": {
          "type": "InitializeVariable",
          "inputs": {
            "variables": [
              {
                "name": "ChangesetID",
                "type": "string",
                "value": "@{guid()}"
              }
            ]
          },
          "runAfter": {
            "BatchIDを初期化する": [
              "Succeeded"
            ]
          },
          "metadata": {
            "operationMetadataId": "34f9420a-eab8-46fb-8b28-adfcba57e3ca"
          }
        },
        "NewLineを初期化する": {
          "type": "InitializeVariable",
          "description": "uriComponentToString('%0A')",
          "inputs": {
            "variables": [
              {
                "name": "NewLine",
                "type": "string",
                "value": "@{uriComponentToString('%0A')}"
              }
            ]
          },
          "runAfter": {
            "ChangesetIDを初期化する": [
              "Succeeded"
            ]
          },
          "metadata": {
            "operationMetadataId": "1e599fc4-cfd8-48e8-9aa6-ef4db433e3ce"
          }
        }
      }
    },
    "templateName": null
  },
  "schemaVersion": "1.0.0.0"
}